{"loss": [1.411339282989502, 0.43521055579185486, 0.28907081484794617, 0.22241750359535217, 0.1826600283384323, 0.16321483254432678, 0.14874717593193054, 0.13311752676963806, 0.12876072525978088, 0.1291193664073944], "accuracy": [0.5884344577789307, 0.8594921231269836, 0.9039192199707031, 0.927092969417572, 0.9386727213859558, 0.946610689163208, 0.9520164728164673, 0.9570239782333374, 0.9588733315467834, 0.9590582251548767], "val_loss": [0.7628543972969055, 0.37037745118141174, 0.34814590215682983, 0.2731171250343323, 0.409467488527298, 0.39956745505332947, 0.3109074831008911, 0.49536070227622986, 0.36784130334854126, 0.32756829261779785], "val_accuracy": [0.7640564441680908, 0.8777600526809692, 0.8884589076042175, 0.9117345809936523, 0.87992262840271, 0.8864670991897583, 0.9117345809936523, 0.8774755001068115, 0.9042795300483704, 0.9123036861419678]}